Date,Close,Close_Prediction
2014-09-18,424.440002,427.35112287919725
2014-09-19,394.79599,400.74590122829494
2014-09-20,,
2014-09-21,,
2014-09-22,,
2014-09-23,,
2014-09-24,,
2014-09-25,,
2014-09-26,,
2014-09-27,,
2014-09-28,,
2014-09-29,,
2014-09-30,386.944,386.3928978472414
2014-10-01,383.61499,385.37126737818824
2014-10-02,375.071991,376.97195044392055
2014-10-03,,
2014-10-04,,
2014-10-05,,
2014-10-06,,
2014-10-07,,
2014-10-08,352.940002,345.63232067898815
2014-10-09,,
2014-10-10,,
2014-10-11,,
2014-10-12,,
2014-10-13,,
2014-10-14,,
2014-10-15,,
2014-10-16,,
2014-10-17,,
2014-10-18,391.441986,389.4167065171547
2014-10-19,,
2014-10-20,382.845001,381.6400600169476
2014-10-21,,
2014-10-22,,
2014-10-23,,
2014-10-24,358.345001,359.1394133663172
2014-10-25,,
2014-10-26,,
2014-10-27,,
2014-10-28,,
2014-10-29,335.591003,342.7121606407059
2014-10-30,,
2014-10-31,338.321014,341.5559231476691
2014-11-01,325.748993,328.0134906251996
2014-11-02,,
2014-11-03,,
2014-11-04,,
2014-11-05,339.485992,340.9140939209082
2014-11-06,,
2014-11-07,,
2014-11-08,,
2014-11-09,,
2014-11-10,,
2014-11-11,,
2014-11-12,423.561005,421.7958082016623
2014-11-13,,
2014-11-14,,
2014-11-15,,
2014-11-16,,
2014-11-17,387.40799,399.5920271358772
2014-11-18,,
2014-11-19,,
2014-11-20,357.839996,365.55958855531856
2014-11-21,,
2014-11-22,,
2014-11-23,,
2014-11-24,,
2014-11-25,,
2014-11-26,,
2014-11-27,,
2014-11-28,,
2014-11-29,375.490997,382.5068153609902
2014-11-30,378.046997,379.05882398770746
2014-12-01,,
2014-12-02,,
2014-12-03,,
2014-12-04,369.604004,371.970203152635
2014-12-05,,
2014-12-06,,
2014-12-07,,
2014-12-08,361.908997,366.298331151993
2014-12-09,,
2014-12-10,346.36499,347.4611586899991
2014-12-11,350.506012,354.8309689804871
2014-12-12,,
2014-12-13,,
2014-12-14,,
2014-12-15,345.345001,346.49392907440813
2014-12-16,,
2014-12-17,,
2014-12-18,,
2014-12-19,,
2014-12-20,,
2014-12-21,,
2014-12-22,,
2014-12-23,,
2014-12-24,,
2014-12-25,,
2014-12-26,,
2014-12-27,,
2014-12-28,,
2014-12-29,,
2014-12-30,,
2014-12-31,,
2015-01-01,,
2015-01-02,,
2015-01-03,,
2015-01-04,,
2015-01-05,,
2015-01-06,,
2015-01-07,,
2015-01-08,283.348999,285.625594688465
2015-01-09,,
2015-01-10,274.79599,278.6822123284095
2015-01-11,265.660004,272.1984000484075
2015-01-12,,
2015-01-13,225.860992,237.25378112071445
2015-01-14,,
2015-01-15,,
2015-01-16,,
2015-01-17,,
2015-01-18,,
2015-01-19,,
2015-01-20,,
2015-01-21,,
2015-01-22,,
2015-01-23,,
2015-01-24,,
2015-01-25,253.718002,251.37193903535578
2015-01-26,,
2015-01-27,,
2015-01-28,,
2015-01-29,,
2015-01-30,,
2015-01-31,,
2015-02-01,226.972,226.37705872995872
2015-02-02,,
2015-02-03,,
2015-02-04,226.852997,225.1397787936777
2015-02-05,,
2015-02-06,222.266006,228.0760517286824
2015-02-07,,
2015-02-08,,
2015-02-09,,
2015-02-10,,
2015-02-11,219.184998,221.41013379607386
2015-02-12,,
2015-02-13,,
2015-02-14,257.321014,256.58669016680557
2015-02-15,,
2015-02-16,233.843002,234.7142693573914
2015-02-17,,
2015-02-18,,
2015-02-19,,
2015-02-20,,
2015-02-21,,
2015-02-22,,
2015-02-23,,
2015-02-24,,
2015-02-25,,
2015-02-26,,
2015-02-27,253.828003,253.8621855890537
2015-02-28,,
2015-03-01,,
2015-03-02,,
2015-03-03,,
2015-03-04,,
2015-03-05,,
2015-03-06,272.722992,273.03279236888926
2015-03-07,,
2015-03-08,,
2015-03-09,,
2015-03-10,,
2015-03-11,296.378998,295.229691779269
2015-03-12,,
2015-03-13,,
2015-03-14,281.88501,283.077697668032
2015-03-15,,
2015-03-16,,
2015-03-17,,
2015-03-18,,
2015-03-19,,
2015-03-20,261.748993,262.5422996323728
2015-03-21,,
2015-03-22,,
2015-03-23,,
2015-03-24,,
2015-03-25,,
2015-03-26,,
2015-03-27,,
2015-03-28,,
2015-03-29,,
2015-03-30,,
2015-03-31,,
2015-04-01,247.272003,244.57560436200203
2015-04-02,,
2015-04-03,,
2015-04-04,,
2015-04-05,,
2015-04-06,,
2015-04-07,,
2015-04-08,,
2015-04-09,,
2015-04-10,,
2015-04-11,,
2015-04-12,,
2015-04-13,,
2015-04-14,,
2015-04-15,,
2015-04-16,,
2015-04-17,,
2015-04-18,,
2015-04-19,,
2015-04-20,,
2015-04-21,235.268997,233.35246883396053
2015-04-22,,
2015-04-23,,
2015-04-24,,
2015-04-25,226.389999,228.70019673410653
2015-04-26,,
2015-04-27,,
2015-04-28,,
2015-04-29,,
2015-04-30,236.145004,237.0577360578902
2015-05-01,,
2015-05-02,,
2015-05-03,,
2015-05-04,,
2015-05-05,236.121002,234.21148679941354
2015-05-06,229.781998,231.3548401903713
2015-05-07,,
2015-05-08,,
2015-05-09,,
2015-05-10,240.296005,241.3305707829244
2015-05-11,,
2015-05-12,,
2015-05-13,,
2015-05-14,,
2015-05-15,,
2015-05-16,236.153,235.561254931633
2015-05-17,,
2015-05-18,,
2015-05-19,,
2015-05-20,234.018005,233.7456193194757
2015-05-21,,
2015-05-22,,
2015-05-23,,
2015-05-24,,
2015-05-25,237.110001,237.63328969191147
2015-05-26,,
2015-05-27,,
2015-05-28,,
2015-05-29,,
2015-05-30,,
2015-05-31,,
2015-06-01,,
2015-06-02,,
2015-06-03,,
2015-06-04,,
2015-06-05,224.951996,224.58686013859602
2015-06-06,,
2015-06-07,,
2015-06-08,,
2015-06-09,,
2015-06-10,,
2015-06-11,,
2015-06-12,,
2015-06-13,,
2015-06-14,,
2015-06-15,,
2015-06-16,,
2015-06-17,,
2015-06-18,249.007004,247.76983429486205
2015-06-19,244.606003,246.7442694310833
2015-06-20,,
2015-06-21,243.944,242.49125768569266
2015-06-22,246.990005,246.7073435532866
2015-06-23,,
2015-06-24,,
2015-06-25,,
2015-06-26,,
2015-06-27,250.990005,249.5640877771246
2015-06-28,,
2015-06-29,257.063995,255.49868199635202
2015-06-30,263.071991,265.29872895132144
2015-07-01,,
2015-07-02,,
2015-07-03,256.335999,254.94286749900544
2015-07-04,,
2015-07-05,,
2015-07-06,,
2015-07-07,,
2015-07-08,,
2015-07-09,,
2015-07-10,,
2015-07-11,,
2015-07-12,,
2015-07-13,,
2015-07-14,,
2015-07-15,,
2015-07-16,,
2015-07-17,279.471985,275.37755240599813
2015-07-18,,
2015-07-19,,
2015-07-20,,
2015-07-21,275.833008,277.3373564268237
2015-07-22,,
2015-07-23,,
2015-07-24,,
2015-07-25,,
2015-07-26,292.686005,291.1000790920509
2015-07-27,,
2015-07-28,294.427002,295.2919603343895
2015-07-29,,
2015-07-30,,
2015-07-31,284.649994,284.54929282824304
2015-08-01,,
2015-08-02,,
2015-08-03,,
2015-08-04,,
2015-08-05,,
2015-08-06,,
2015-08-07,,
2015-08-08,260.997009,267.0032736864088
2015-08-09,,
2015-08-10,,
2015-08-11,270.385986,268.8197860701319
2015-08-12,,
2015-08-13,264.079987,263.339901000695
2015-08-14,,
2015-08-15,,
2015-08-16,,
2015-08-17,257.976013,258.68474440890606
2015-08-18,,
2015-08-19,226.684006,233.7546526367926
2015-08-20,,
2015-08-21,,
2015-08-22,,
2015-08-23,228.169006,228.80837030652572
2015-08-24,,
2015-08-25,,
2015-08-26,,
2015-08-27,224.768997,226.28698521011646
2015-08-28,231.395996,231.12382732899462
2015-08-29,229.779999,229.75651206901628
2015-08-30,,
2015-08-31,,
2015-09-01,,
2015-09-02,,
2015-09-03,,
2015-09-04,,
2015-09-05,235.018997,234.4269568673619
2015-09-06,,
2015-09-07,,
2015-09-08,243.606995,244.39797222362643
2015-09-09,,
2015-09-10,,
2015-09-11,,
2015-09-12,,
2015-09-13,,
2015-09-14,,
2015-09-15,,
2015-09-16,,
2015-09-17,,
2015-09-18,,
2015-09-19,,
2015-09-20,,
2015-09-21,,
2015-09-22,230.617996,230.04935288659817
2015-09-23,230.283005,230.2838997652938
2015-09-24,,
2015-09-25,235.143997,236.05319716084114
2015-09-26,,
2015-09-27,232.757004,232.80994364497232
2015-09-28,,
2015-09-29,,
2015-09-30,,
2015-10-01,,
2015-10-02,,
2015-10-03,,
2015-10-04,,
2015-10-05,,
2015-10-06,,
2015-10-07,,
2015-10-08,,
2015-10-09,,
2015-10-10,,
2015-10-11,,
2015-10-12,,
2015-10-13,,
2015-10-14,,
2015-10-15,,
2015-10-16,,
2015-10-17,270.640015,271.43230402776345
2015-10-18,261.643005,264.3550873640974
2015-10-19,,
2015-10-20,269.463013,269.0834608540004
2015-10-21,,
2015-10-22,,
2015-10-23,,
2015-10-24,281.653992,280.3297959068199
2015-10-25,283.679993,291.87301843258257
2015-10-26,,
2015-10-27,293.787994,294.06961440019614
2015-10-28,304.618011,304.08799855236265
2015-10-29,,
2015-10-30,,
2015-10-31,,
2015-11-01,,
2015-11-02,,
2015-11-03,,
2015-11-04,,
2015-11-05,,
2015-11-06,374.470001,372.0819042795478
2015-11-07,,
2015-11-08,,
2015-11-09,,
2015-11-10,,
2015-11-11,,
2015-11-12,338.152008,340.31367475311094
2015-11-13,336.752991,331.65908480551724
2015-11-14,332.906006,332.6855920340339
2015-11-15,,
2015-11-16,,
2015-11-17,,
2015-11-18,,
2015-11-19,,
2015-11-20,,
2015-11-21,,
2015-11-22,,
2015-11-23,323.04599,322.04398567541836
2015-11-24,,
2015-11-25,328.205994,325.05554484741924
2015-11-26,,
2015-11-27,358.041992,358.6258741914921
2015-11-28,,
2015-11-29,371.294006,368.029450041005
2015-11-30,,
2015-12-01,362.488007,364.23144263078336
2015-12-02,,
2015-12-03,,
2015-12-04,,
2015-12-05,,
2015-12-06,,
2015-12-07,,
2015-12-08,,
2015-12-09,,
2015-12-10,,
2015-12-11,451.937988,446.55239921987976
2015-12-12,434.997009,439.25690990579045
2015-12-13,,
2015-12-14,,
2015-12-15,,
2015-12-16,,
2015-12-17,,
2015-12-18,,
2015-12-19,,
2015-12-20,,
2015-12-21,,
2015-12-22,436.571991,440.21396452149236
2015-12-23,,
2015-12-24,,
2015-12-25,,
2015-12-26,,
2015-12-27,422.822998,416.87125892107
2015-12-28,,
2015-12-29,,
2015-12-30,426.619995,425.577475726212
2015-12-31,,
2016-01-01,,
2016-01-02,,
2016-01-03,,
2016-01-04,,
2016-01-05,,
2016-01-06,,
2016-01-07,,
2016-01-08,453.230011,454.5760875074167
2016-01-09,447.610992,448.7049415658265
2016-01-10,447.990997,441.6445632233678
2016-01-11,,
2016-01-12,,
2016-01-13,,
2016-01-14,,
2016-01-15,,
2016-01-16,,
2016-01-17,,
2016-01-18,,
2016-01-19,,
2016-01-20,,
2016-01-21,410.261993,412.5726543720052
2016-01-22,,
2016-01-23,,
2016-01-24,,
2016-01-25,,
2016-01-26,,
2016-01-27,,
2016-01-28,,
2016-01-29,,
2016-01-30,,
2016-01-31,368.766998,372.1753186776213
2016-02-01,,
2016-02-02,374.447998,374.2913741837683
2016-02-03,,
2016-02-04,389.593994,387.939858231719
2016-02-05,,
2016-02-06,,
2016-02-07,,
2016-02-08,,
2016-02-09,,
2016-02-10,381.648987,382.99200414531356
2016-02-11,,
2016-02-12,,
2016-02-13,,
2016-02-14,,
2016-02-15,,
2016-02-16,,
2016-02-17,,
2016-02-18,,
2016-02-19,,
2016-02-20,,
2016-02-21,,
2016-02-22,,
2016-02-23,,
2016-02-24,424.954987,419.08806484093685
2016-02-25,,
2016-02-26,,
2016-02-27,,
2016-02-28,,
2016-02-29,,
2016-03-01,,
2016-03-02,,
2016-03-03,,
2016-03-04,410.938995,416.4193643467471
2016-03-05,,
2016-03-06,,
2016-03-07,,
2016-03-08,413.971985,412.4583160443368
2016-03-09,414.859985,412.8995604785277
2016-03-10,,
2016-03-11,,
2016-03-12,411.623993,412.9896291370935
2016-03-13,,
2016-03-14,,
2016-03-15,,
2016-03-16,417.010986,415.51428685828466
2016-03-17,420.621002,419.2062147088715
2016-03-18,,
2016-03-19,,
2016-03-20,,
2016-03-21,,
2016-03-22,,
2016-03-23,418.040985,417.1674077425456
2016-03-24,,
2016-03-25,,
2016-03-26,,
2016-03-27,,
2016-03-28,,
2016-03-29,,
2016-03-30,,
2016-03-31,416.729004,416.57138209646763
2016-04-01,417.959991,415.95376374742494
2016-04-02,,
2016-04-03,420.903992,419.08941945420446
2016-04-04,421.444,419.6520824941735
2016-04-05,,
2016-04-06,,
2016-04-07,422.744995,420.17691826465017
2016-04-08,,
2016-04-09,,
2016-04-10,,
2016-04-11,,
2016-04-12,,
2016-04-13,,
2016-04-14,,
2016-04-15,,
2016-04-16,,
2016-04-17,,
2016-04-18,428.591003,427.23541636049515
2016-04-19,,
2016-04-20,,
2016-04-21,,
2016-04-22,,
2016-04-23,450.282013,447.21278766190176
2016-04-24,,
2016-04-25,,
2016-04-26,,
2016-04-27,,
2016-04-28,,
2016-04-29,,
2016-04-30,,
2016-05-01,,
2016-05-02,,
2016-05-03,,
2016-05-04,,
2016-05-05,,
2016-05-06,459.602997,457.7560449211358
2016-05-07,,
2016-05-08,,
2016-05-09,,
2016-05-10,,
2016-05-11,,
2016-05-12,,
2016-05-13,,
2016-05-14,,
2016-05-15,,
2016-05-16,,
2016-05-17,,
2016-05-18,,
2016-05-19,,
2016-05-20,,
2016-05-21,,
2016-05-22,,
2016-05-23,,
2016-05-24,445.980988,444.9688101872717
2016-05-25,,
2016-05-26,,
2016-05-27,,
2016-05-28,530.039978,525.0803876810555
2016-05-29,,
2016-05-30,,
2016-05-31,531.385986,534.6946413857844
2016-06-01,,
2016-06-02,,
2016-06-03,,
2016-06-04,,
2016-06-05,,
2016-06-06,585.536987,582.9587054215634
2016-06-07,,
2016-06-08,,
2016-06-09,574.630005,572.7830794480091
2016-06-10,,
2016-06-11,,
2016-06-12,,
2016-06-13,,
2016-06-14,685.559021,675.2217774785693
2016-06-15,,
2016-06-16,,
2016-06-17,,
2016-06-18,,
2016-06-19,763.781006,755.4520114795309
2016-06-20,737.226013,741.1621944362621
2016-06-21,666.651978,671.5033932774596
2016-06-22,,
2016-06-23,,
2016-06-24,,
2016-06-25,,
2016-06-26,,
2016-06-27,,
2016-06-28,,
2016-06-29,,
2016-06-30,,
2016-07-01,,
2016-07-02,,
2016-07-03,658.664001,666.5691841634482
2016-07-04,,
2016-07-05,,
2016-07-06,,
2016-07-07,,
2016-07-08,,
2016-07-09,,
2016-07-10,,
2016-07-11,,
2016-07-12,664.551025,668.8521149979034
2016-07-13,,
2016-07-14,,
2016-07-15,,
2016-07-16,,
2016-07-17,679.458984,677.509815987549
2016-07-18,,
2016-07-19,,
2016-07-20,665.684998,664.2221397059345
2016-07-21,,
2016-07-22,,
2016-07-23,,
2016-07-24,,
2016-07-25,,
2016-07-26,,
2016-07-27,,
2016-07-28,,
2016-07-29,,
2016-07-30,655.046997,653.6533277213491
2016-07-31,,
2016-08-01,,
2016-08-02,,
2016-08-03,,
2016-08-04,,
2016-08-05,,
2016-08-06,587.778015,581.1914608042247
2016-08-07,,
2016-08-08,,
2016-08-09,587.801025,584.8234844353883
2016-08-10,592.103027,595.5718383764655
2016-08-11,,
2016-08-12,,
2016-08-13,,
2016-08-14,570.473022,570.1360773430188
2016-08-15,,
2016-08-16,,
2016-08-17,,
2016-08-18,,
2016-08-19,,
2016-08-20,581.697021,579.434202137047
2016-08-21,,
2016-08-22,586.752991,584.9606144628383
2016-08-23,,
2016-08-24,,
2016-08-25,,
2016-08-26,,
2016-08-27,,
2016-08-28,573.911987,571.3332409442934
2016-08-29,,
2016-08-30,,
2016-08-31,,
2016-09-01,572.302979,571.6272683814134
2016-09-02,,
2016-09-03,,
2016-09-04,,
2016-09-05,,
2016-09-06,,
2016-09-07,,
2016-09-08,,
2016-09-09,,
2016-09-10,,
2016-09-11,,
2016-09-12,,
2016-09-13,,
2016-09-14,610.684021,608.9274591876977
2016-09-15,607.155029,606.4362764043761
2016-09-16,,
2016-09-17,,
2016-09-18,,
2016-09-19,,
2016-09-20,,
2016-09-21,,
2016-09-22,,
2016-09-23,,
2016-09-24,,
2016-09-25,,
2016-09-26,,
2016-09-27,,
2016-09-28,604.728027,603.1116529669092
2016-09-29,,
2016-09-30,,
2016-10-01,,
2016-10-02,610.892029,608.8402825716294
2016-10-03,,
2016-10-04,,
2016-10-05,,
2016-10-06,,
2016-10-07,,
2016-10-08,,
2016-10-09,,
2016-10-10,618.994019,617.9974999230587
2016-10-11,641.072021,636.7205669660605
2016-10-12,,
2016-10-13,,
2016-10-14,,
2016-10-15,,
2016-10-16,,
2016-10-17,,
2016-10-18,,
2016-10-19,,
2016-10-20,630.856995,627.7393046230802
2016-10-21,632.828003,631.1426750652128
2016-10-22,,
2016-10-23,,
2016-10-24,653.760986,651.7012659267984
2016-10-25,,
2016-10-26,,
2016-10-27,688.312988,684.6481892279472
2016-10-28,,
2016-10-29,,
2016-10-30,,
2016-10-31,700.971985,698.771247154585
2016-11-01,729.79303,729.8562171816736
2016-11-02,,
2016-11-03,,
2016-11-04,703.234985,699.9768898507085
2016-11-05,,
2016-11-06,,
2016-11-07,,
2016-11-08,,
2016-11-09,723.27301,733.167356240134
2016-11-10,,
2016-11-11,,
2016-11-12,,
2016-11-13,,
2016-11-14,,
2016-11-15,711.619019,711.4384983741656
2016-11-16,,
2016-11-17,740.97699,748.041812730071
2016-11-18,,
2016-11-19,,
2016-11-20,,
2016-11-21,,
2016-11-22,751.346985,747.3657817954733
2016-11-23,,
2016-11-24,,
2016-11-25,741.648987,734.7593783825384
2016-11-26,,
2016-11-27,732.034973,732.8365970860107
2016-11-28,,
2016-11-29,,
2016-11-30,745.690979,743.6521860548806
2016-12-01,,
2016-12-02,,
2016-12-03,,
2016-12-04,,
2016-12-05,758.700012,756.5060820291326
2016-12-06,,
2016-12-07,,
2016-12-08,,
2016-12-09,,
2016-12-10,,
2016-12-11,,
2016-12-12,,
2016-12-13,,
2016-12-14,,
2016-12-15,,
2016-12-16,,
2016-12-17,,
2016-12-18,,
2016-12-19,,
2016-12-20,800.875977,796.6120109474813
2016-12-21,,
2016-12-22,864.539978,867.8747979470402
2016-12-23,,
2016-12-24,,
2016-12-25,,
2016-12-26,907.609985,907.6638071761521
2016-12-27,,
2016-12-28,,
2016-12-29,,
2016-12-30,961.237976,944.4903009316744
2016-12-31,,
2017-01-01,,
2017-01-02,,
2017-01-03,,
2017-01-04,,
2017-01-05,,
2017-01-06,,
2017-01-07,,
2017-01-08,911.198975,921.8985816201497
2017-01-09,902.828003,888.5567587664692
2017-01-10,,
2017-01-11,,
2017-01-12,,
2017-01-13,823.984009,807.9116917952888
2017-01-14,,
2017-01-15,,
2017-01-16,831.533997,828.7670531234161
2017-01-17,,
2017-01-18,,
2017-01-19,,
2017-01-20,,
2017-01-21,,
2017-01-22,,
2017-01-23,,
2017-01-24,,
2017-01-25,,
2017-01-26,,
2017-01-27,919.75,917.241407509125
2017-01-28,,
2017-01-29,,
2017-01-30,,
2017-01-31,,
2017-02-01,,
2017-02-02,1011.799988,1002.4742875941472
2017-02-03,,
2017-02-04,,
2017-02-05,,
2017-02-06,,
2017-02-07,,
2017-02-08,,
2017-02-09,,
2017-02-10,,
2017-02-11,,
2017-02-12,,
2017-02-13,,
2017-02-14,,
2017-02-15,,
2017-02-16,,
2017-02-17,,
2017-02-18,,
2017-02-19,,
2017-02-20,,
2017-02-21,1115.300049,1107.0566367053486
2017-02-22,,
2017-02-23,,
2017-02-24,,
2017-02-25,,
2017-02-26,,
2017-02-27,,
2017-02-28,,
2017-03-01,,
2017-03-02,,
2017-03-03,,
2017-03-04,,
2017-03-05,,
2017-03-06,,
2017-03-07,,
2017-03-08,,
2017-03-09,,
2017-03-10,,
2017-03-11,,
2017-03-12,,
2017-03-13,,
2017-03-14,,
2017-03-15,,
2017-03-16,,
2017-03-17,1100.22998,1124.25933642362
2017-03-18,,
2017-03-19,,
2017-03-20,1054.22998,1055.5796521631248
2017-03-21,1120.540039,1110.8227811041095
2017-03-22,1049.140015,1048.333100106236
2017-03-23,1038.589966,1039.3211924539712
2017-03-24,,
2017-03-25,972.778992,946.9522984459753
2017-03-26,,
2017-03-27,,
2017-03-28,,
2017-03-29,1039.969971,1030.609788312238
2017-03-30,,
2017-03-31,,
2017-04-01,,
2017-04-02,,
2017-04-03,,
2017-04-04,,
2017-04-05,,
2017-04-06,,
2017-04-07,1176.900024,1170.8963881851862
2017-04-08,,
2017-04-09,,
2017-04-10,,
2017-04-11,,
2017-04-12,,
2017-04-13,1169.280029,1171.9673058442079
2017-04-14,,
2017-04-15,,
2017-04-16,,
2017-04-17,1193.910034,1181.8566669537638
2017-04-18,,
2017-04-19,1210.290039,1205.506911417925
2017-04-20,,
2017-04-21,,
2017-04-22,,
2017-04-23,,
2017-04-24,,
2017-04-25,1265.48999,1260.0428435869162
2017-04-26,,
2017-04-27,,
2017-04-28,,
2017-04-29,,
2017-04-30,,
2017-05-01,,
2017-05-02,,
2017-05-03,,
2017-05-04,,
2017-05-05,,
2017-05-06,,
2017-05-07,,
2017-05-08,,
2017-05-09,1755.359985,1809.8824278612112
2017-05-10,,
2017-05-11,1848.569946,1840.3959109509567
2017-05-12,1724.23999,1750.6615591610189
2017-05-13,,
2017-05-14,1808.910034,1804.8005223920259
2017-05-15,,
2017-05-16,1734.449951,1738.8962785903022
2017-05-17,,
2017-05-18,,
2017-05-19,,
2017-05-20,,
2017-05-21,,
2017-05-22,2173.399902,2251.750039028164
2017-05-23,2320.419922,2289.502753041395
2017-05-24,,
2017-05-25,,
2017-05-26,,
2017-05-27,,
2017-05-28,2155.800049,2235.7174562838013
2017-05-29,,
2017-05-30,,
2017-05-31,,
2017-06-01,,
2017-06-02,,
2017-06-03,2515.350098,2517.373908591709
2017-06-04,,
2017-06-05,2686.810059,2655.9556417163735
2017-06-06,,
2017-06-07,,
2017-06-08,,
2017-06-09,,
2017-06-10,,
2017-06-11,,
2017-06-12,,
2017-06-13,,
2017-06-14,,
2017-06-15,,
2017-06-16,,
2017-06-17,,
2017-06-18,,
2017-06-19,,
2017-06-20,,
2017-06-21,,
2017-06-22,,
2017-06-23,2744.909912,2746.4137635399848
2017-06-24,,
2017-06-25,,
2017-06-26,,
2017-06-27,,
2017-06-28,,
2017-06-29,2539.320068,2539.021118273122
2017-06-30,2480.840088,2507.2695622990323
2017-07-01,2434.550049,2455.17588417828
2017-07-02,,
2017-07-03,,
2017-07-04,,
2017-07-05,,
2017-07-06,,
2017-07-07,,
2017-07-08,,
2017-07-09,,
2017-07-10,,
2017-07-11,2337.790039,2343.827323182323
2017-07-12,,
2017-07-13,,
2017-07-14,,
2017-07-15,,
2017-07-16,,
2017-07-17,,
2017-07-18,2318.879883,2318.098956317378
2017-07-19,2273.429932,2339.410342225893
2017-07-20,,
2017-07-21,,
2017-07-22,,
2017-07-23,,
2017-07-24,,
2017-07-25,,
2017-07-26,,
2017-07-27,,
2017-07-28,,
2017-07-29,,
2017-07-30,,
2017-07-31,,
2017-08-01,2718.26001,2785.474052286763
2017-08-02,,
2017-08-03,,
2017-08-04,,
2017-08-05,,
2017-08-06,,
2017-08-07,3378.939941,3343.479903071041
2017-08-08,3419.939941,3442.47871803712
2017-08-09,,
2017-08-10,,
2017-08-11,,
2017-08-12,,
2017-08-13,,
2017-08-14,,
2017-08-15,,
2017-08-16,,
2017-08-17,4331.689941,4365.623371738535
2017-08-18,,
2017-08-19,,
2017-08-20,,
2017-08-21,,
2017-08-22,,
2017-08-23,4151.52002,4213.543018075979
2017-08-24,,
2017-08-25,,
2017-08-26,4352.399902,4293.75735405867
2017-08-27,,
2017-08-28,,
2017-08-29,,
2017-08-30,,
2017-08-31,,
2017-09-01,,
2017-09-02,,
2017-09-03,4582.959961,4573.287835342991
2017-09-04,,
2017-09-05,,
2017-09-06,4597.120117,4572.195251151557
2017-09-07,,
2017-09-08,4228.75,4298.254121389609
2017-09-09,,
2017-09-10,,
2017-09-11,4161.27002,4213.654538555247
2017-09-12,,
2017-09-13,3882.590088,3896.681482924158
2017-09-14,3154.949951,3440.776576715604
2017-09-15,3637.52002,3520.8967824464103
2017-09-16,,
2017-09-17,,
2017-09-18,,
2017-09-19,,
2017-09-20,,
2017-09-21,,
2017-09-22,,
2017-09-23,3792.399902,3759.853315592892
2017-09-24,,
2017-09-25,,
2017-09-26,,
2017-09-27,,
2017-09-28,4174.72998,4196.302574786683
2017-09-29,,
2017-09-30,,
2017-10-01,,
2017-10-02,,
2017-10-03,,
2017-10-04,,
2017-10-05,,
2017-10-06,,
2017-10-07,,
2017-10-08,,
2017-10-09,,
2017-10-10,,
2017-10-11,,
2017-10-12,,
2017-10-13,,
2017-10-14,,
2017-10-15,,
2017-10-16,,
2017-10-17,,
2017-10-18,,
2017-10-19,5708.52002,5668.256294496843
2017-10-20,6011.450195,5945.242064374569
2017-10-21,,
2017-10-22,,
2017-10-23,,
2017-10-24,,
2017-10-25,,
2017-10-26,,
2017-10-27,,
2017-10-28,,
2017-10-29,,
2017-10-30,,
2017-10-31,,
2017-11-01,,
2017-11-02,,
2017-11-03,7207.759766,7335.826538028373
2017-11-04,,
2017-11-05,,
2017-11-06,,
2017-11-07,7144.379883,7196.632392090995
2017-11-08,,
2017-11-09,,
2017-11-10,6618.140137,6798.336402149221
2017-11-11,6357.600098,6554.419486116973
2017-11-12,,
2017-11-13,,
2017-11-14,,
2017-11-15,7315.540039,7237.355837740131
2017-11-16,,
2017-11-17,,
2017-11-18,,
2017-11-19,,
2017-11-20,,
2017-11-21,,
2017-11-22,,
2017-11-23,8038.77002,8104.39260238476
2017-11-24,8253.69043,8222.407744341173
2017-11-25,,
2017-11-26,,
2017-11-27,,
2017-11-28,,
2017-11-29,,
2017-11-30,,
2017-12-01,,
2017-12-02,,
2017-12-03,,
2017-12-04,,
2017-12-05,,
2017-12-06,14291.5,14057.332838766732
2017-12-07,17899.699219,17319.574548936656
2017-12-08,,
2017-12-09,,
2017-12-10,,
2017-12-11,,
2017-12-12,,
2017-12-13,,
2017-12-14,,
2017-12-15,,
2017-12-16,,
2017-12-17,,
2017-12-18,,
2017-12-19,,
2017-12-20,,
2017-12-21,15802.900391,16574.16707137826
2017-12-22,,
2017-12-23,,
2017-12-24,13925.799805,13379.887649860291
2017-12-25,,
2017-12-26,,
2017-12-27,,
2017-12-28,,
2017-12-29,,
2017-12-30,,
2017-12-31,14156.400391,14074.622504043617
2018-01-01,,
2018-01-02,,
2018-01-03,,
2018-01-04,,
2018-01-05,17429.5,17234.400459767196
2018-01-06,,
2018-01-07,,
2018-01-08,,
2018-01-09,,
2018-01-10,,
2018-01-11,,
2018-01-12,,
2018-01-13,,
2018-01-14,,
2018-01-15,,
2018-01-16,11490.5,11475.576095506627
2018-01-17,,
2018-01-18,,
2018-01-19,11607.400391,11721.70141823368
2018-01-20,,
2018-01-21,,
2018-01-22,,
2018-01-23,,
2018-01-24,,
2018-01-25,,
2018-01-26,,
2018-01-27,11440.700195,11401.536897759712
2018-01-28,,
2018-01-29,11296.400391,11445.250421231234
2018-01-30,10106.299805,10451.747182011979
2018-01-31,,
2018-02-01,9170.540039,9335.920042223874
2018-02-02,,
2018-02-03,,
2018-02-04,,
2018-02-05,,
2018-02-06,,
2018-02-07,,
2018-02-08,,
2018-02-09,,
2018-02-10,,
2018-02-11,,
2018-02-12,,
2018-02-13,,
2018-02-14,,
2018-02-15,,
2018-02-16,,
2018-02-17,,
2018-02-18,,
2018-02-19,11225.299805,11126.129133316383
2018-02-20,,
2018-02-21,10690.400391,10798.44345849583
2018-02-22,10005.0,10494.659464724626
2018-02-23,,
2018-02-24,9813.070313,10048.789659972448
2018-02-25,,
2018-02-26,,
2018-02-27,,
2018-02-28,,
2018-03-01,,
2018-03-02,,
2018-03-03,,
2018-03-04,,
2018-03-05,,
2018-03-06,,
2018-03-07,,
2018-03-08,,
2018-03-09,,
2018-03-10,,
2018-03-11,,
2018-03-12,,
2018-03-13,,
2018-03-14,,
2018-03-15,,
2018-03-16,8338.349609,8319.147697850429
2018-03-17,7916.879883,7983.765100582259
2018-03-18,,
2018-03-19,,
2018-03-20,8913.469727,8822.00072656623
2018-03-21,8929.280273,9055.4113742131
2018-03-22,,
2018-03-23,8879.620117,8588.11291753122
2018-03-24,,
2018-03-25,,
2018-03-26,,
2018-03-27,,
2018-03-28,,
2018-03-29,,
2018-03-30,,
2018-03-31,,
2018-04-01,,
2018-04-02,,
2018-04-03,,
2018-04-04,6853.839844,7021.743703215925
2018-04-05,6811.470215,6766.777771940215
2018-04-06,,
2018-04-07,,
2018-04-08,,
2018-04-09,,
2018-04-10,,
2018-04-11,,
2018-04-12,,
2018-04-13,,
2018-04-14,,
2018-04-15,,
2018-04-16,,
2018-04-17,,
2018-04-18,,
2018-04-19,,
2018-04-20,8845.830078,8756.205657081204
2018-04-21,,
2018-04-22,,
2018-04-23,,
2018-04-24,,
2018-04-25,,
2018-04-26,,
2018-04-27,,
2018-04-28,,
2018-04-29,,
2018-04-30,,
2018-05-01,9119.009766,8988.019482499289
2018-05-02,,
2018-05-03,,
2018-05-04,,
2018-05-05,,
2018-05-06,9654.799805,9646.710577871283
2018-05-07,,
2018-05-08,,
2018-05-09,9325.179688,9197.796714134558
2018-05-10,9043.94043,9167.72626066491
2018-05-11,,
2018-05-12,,
2018-05-13,,
2018-05-14,,
2018-05-15,,
2018-05-16,,
2018-05-17,,
2018-05-18,,
2018-05-19,,
2018-05-20,,
2018-05-21,,
2018-05-22,8041.779785,8122.538395380385
2018-05-23,,
2018-05-24,,
2018-05-25,,
2018-05-26,,
2018-05-27,,
2018-05-28,,
2018-05-29,,
2018-05-30,,
2018-05-31,,
2018-06-01,,
2018-06-02,,
2018-06-03,,
2018-06-04,,
2018-06-05,,
2018-06-06,,
2018-06-07,,
2018-06-08,,
2018-06-09,7531.97998,7580.627959443411
2018-06-10,6786.02002,6965.655025662335
2018-06-11,,
2018-06-12,,
2018-06-13,6349.899902,6402.518256357798
2018-06-14,,
2018-06-15,,
2018-06-16,,
2018-06-17,,
2018-06-18,,
2018-06-19,,
2018-06-20,,
2018-06-21,,
2018-06-22,,
2018-06-23,6162.47998,6172.289132193617
2018-06-24,6173.22998,5976.743052138923
2018-06-25,,
2018-06-26,,
2018-06-27,,
2018-06-28,,
2018-06-29,,
2018-06-30,,
2018-07-01,,
2018-07-02,,
2018-07-03,6529.589844,6540.826812869787
2018-07-04,,
2018-07-05,,
2018-07-06,,
2018-07-07,,
2018-07-08,,
2018-07-09,,
2018-07-10,,
2018-07-11,,
2018-07-12,,
2018-07-13,,
2018-07-14,,
2018-07-15,,
2018-07-16,,
2018-07-17,7321.040039,7254.487310133385
2018-07-18,,
2018-07-19,,
2018-07-20,,
2018-07-21,7419.290039,7338.794538247242
2018-07-22,7418.490234,7470.769940015124
2018-07-23,,
2018-07-24,,
2018-07-25,,
2018-07-26,7951.580078,8053.188008609746
2018-07-27,,
2018-07-28,,
2018-07-29,,
2018-07-30,,
2018-07-31,7780.439941,7838.570612947364
2018-08-01,,
2018-08-02,,
2018-08-03,7434.390137,7381.157244385549
2018-08-04,7032.850098,7169.846305997452
2018-08-05,,
2018-08-06,,
2018-08-07,6753.120117,6963.082487973616
2018-08-08,,
2018-08-09,,
2018-08-10,,
2018-08-11,,
2018-08-12,,
2018-08-13,,
2018-08-14,,
2018-08-15,6308.52002,6523.015296106612
2018-08-16,,
2018-08-17,,
2018-08-18,,
2018-08-19,,
2018-08-20,,
2018-08-21,,
2018-08-22,,
2018-08-23,,
2018-08-24,,
2018-08-25,,
2018-08-26,,
2018-08-27,6884.640137,6823.557023098324
2018-08-28,,
2018-08-29,,
2018-08-30,,
2018-08-31,,
2018-09-01,7193.25,7186.214344619615
2018-09-02,,
2018-09-03,,
2018-09-04,,
2018-09-05,,
2018-09-06,,
2018-09-07,,
2018-09-08,,
2018-09-09,,
2018-09-10,,
2018-09-11,6321.200195,6318.935479085366
2018-09-12,,
2018-09-13,,
2018-09-14,,
2018-09-15,,
2018-09-16,,
2018-09-17,,
2018-09-18,,
2018-09-19,,
2018-09-20,,
2018-09-21,,
2018-09-22,,
2018-09-23,,
2018-09-24,,
2018-09-25,6446.470215,6434.853296689394
2018-09-26,,
2018-09-27,6676.75,6642.01919163721
2018-09-28,,
2018-09-29,,
2018-09-30,,
2018-10-01,,
2018-10-02,,
2018-10-03,,
2018-10-04,,
2018-10-05,,
2018-10-06,,
2018-10-07,6602.950195,6585.737011780844
2018-10-08,6652.22998,6623.246008828233
2018-10-09,,
2018-10-10,,
2018-10-11,,
2018-10-12,,
2018-10-13,6285.990234,6266.058203304033
2018-10-14,,
2018-10-15,,
2018-10-16,6596.109863,6618.393967088158
2018-10-17,,
2018-10-18,6476.709961,6478.005604384216
2018-10-19,,
2018-10-20,,
2018-10-21,,
2018-10-22,,
2018-10-23,,
2018-10-24,6495.839844,6482.726275634253
2018-10-25,,
2018-10-26,,
2018-10-27,6480.379883,6458.911273044889
2018-10-28,,
2018-10-29,,
2018-10-30,,
2018-10-31,6317.609863,6308.155391428731
2018-11-01,,
2018-11-02,6388.439941,6335.076532339701
2018-11-03,,
2018-11-04,,
2018-11-05,,
2018-11-06,,
2018-11-07,,
2018-11-08,,
2018-11-09,,
2018-11-10,,
2018-11-11,,
2018-11-12,,
2018-11-13,,
2018-11-14,,
2018-11-15,,
2018-11-16,,
2018-11-17,,
2018-11-18,,
2018-11-19,,
2018-11-20,4451.870117,4549.551124957517
2018-11-21,4602.169922,4559.490693238564
2018-11-22,,
2018-11-23,,
2018-11-24,,
2018-11-25,4009.969971,3894.077249722011
2018-11-26,,
2018-11-27,3820.719971,3772.8428859401656
2018-11-28,,
2018-11-29,,
2018-11-30,4017.268555,4083.7238319159474
2018-12-01,4214.671875,4229.069604818332
2018-12-02,,
2018-12-03,,
2018-12-04,,
2018-12-05,,
2018-12-06,3521.101807,3700.8084001231473
2018-12-07,,
2018-12-08,,
2018-12-09,3614.234375,3647.400226280651
2018-12-10,3502.656006,3540.334651401959
2018-12-11,,
2018-12-12,,
2018-12-13,,
2018-12-14,,
2018-12-15,3236.761719,3226.112043285713
2018-12-16,,
2018-12-17,,
2018-12-18,,
2018-12-19,,
2018-12-20,,
2018-12-21,,
2018-12-22,,
2018-12-23,,
2018-12-24,4078.599121,4229.411592338741
2018-12-25,,
2018-12-26,,
2018-12-27,3654.833496,3725.1907865993503
2018-12-28,,
2018-12-29,,
2018-12-30,,
2018-12-31,,
2019-01-01,,
2019-01-02,,
2019-01-03,,
2019-01-04,,
2019-01-05,,
2019-01-06,,
2019-01-07,4025.248291,4039.3638153989546
2019-01-08,4030.8479,4065.5258588872534
2019-01-09,,
2019-01-10,3678.924561,3808.7706934137877
2019-01-11,3687.365479,3683.428303309677
2019-01-12,,
2019-01-13,,
2019-01-14,,
2019-01-15,,
2019-01-16,,
2019-01-17,,
2019-01-18,,
2019-01-19,,
2019-01-20,,
2019-01-21,,
2019-01-22,,
2019-01-23,,
2019-01-24,3600.865479,3590.260163222054
2019-01-25,3599.765869,3579.3906684233975
2019-01-26,,
2019-01-27,,
2019-01-28,3470.450439,3482.9919428223484
2019-01-29,,
2019-01-30,,
2019-01-31,,
2019-02-01,,
2019-02-02,3521.060791,3495.9783234363367
2019-02-03,,
2019-02-04,,
2019-02-05,,
2019-02-06,,
2019-02-07,,
2019-02-08,3666.780273,3647.5097877990224
2019-02-09,,
2019-02-10,,
2019-02-11,3648.430664,3649.385932676895
2019-02-12,,
2019-02-13,,
2019-02-14,,
2019-02-15,,
2019-02-16,,
2019-02-17,3673.836182,3655.0304948950893
2019-02-18,3915.714355,3897.8675456574297
2019-02-19,,
2019-02-20,,
2019-02-21,,
2019-02-22,,
2019-02-23,4142.526855,4117.362180906575
2019-02-24,3810.42749,3969.1243795905343
2019-02-25,,
2019-02-26,,
2019-02-27,,
2019-02-28,,
2019-03-01,3859.58374,3888.6871145934892
2019-03-02,3864.415039,3845.749964461775
2019-03-03,,
2019-03-04,,
2019-03-05,,
2019-03-06,,
2019-03-07,,
2019-03-08,,
2019-03-09,,
2019-03-10,3951.599854,3928.792216334416
2019-03-11,3905.227295,3913.5949604747866
2019-03-12,,
2019-03-13,3906.717285,3900.9384436777523
2019-03-14,,
2019-03-15,,
2019-03-16,,
2019-03-17,,
2019-03-18,4032.507324,4042.626137564221
2019-03-19,4071.190186,4059.7777611707
2019-03-20,,
2019-03-21,,
2019-03-22,,
2019-03-23,,
2019-03-24,,
2019-03-25,3963.070557,3969.409084043721
2019-03-26,,
2019-03-27,,
2019-03-28,,
2019-03-29,,
2019-03-30,,
2019-03-31,4105.404297,4092.9493253630767
2019-04-01,,
2019-04-02,,
2019-04-03,,
2019-04-04,,
2019-04-05,5036.681152,5027.660986777773
2019-04-06,5059.817383,5149.112452373069
2019-04-07,,
2019-04-08,,
2019-04-09,,
2019-04-10,,
2019-04-11,,
2019-04-12,,
2019-04-13,,
2019-04-14,,
2019-04-15,,
2019-04-16,,
2019-04-17,,
2019-04-18,,
2019-04-19,,
2019-04-20,,
2019-04-21,,
2019-04-22,,
2019-04-23,,
2019-04-24,,
2019-04-25,,
2019-04-26,,
2019-04-27,,
2019-04-28,5285.13916,5295.515820826027
2019-04-29,,
2019-04-30,,
2019-05-01,,
2019-05-02,,
2019-05-03,,
2019-05-04,,
2019-05-05,,
2019-05-06,,
2019-05-07,5829.501465,5946.631073642864
2019-05-08,,
2019-05-09,,
2019-05-10,,
2019-05-11,,
2019-05-12,,
2019-05-13,,
2019-05-14,,
2019-05-15,,
2019-05-16,,
2019-05-17,,
2019-05-18,,
2019-05-19,,
2019-05-20,,
2019-05-21,,
2019-05-22,,
2019-05-23,,
2019-05-24,,
2019-05-25,8052.543945,8067.729052325571
2019-05-26,,
2019-05-27,,
2019-05-28,,
2019-05-29,,
2019-05-30,8319.472656,8673.123213525167
2019-05-31,,
2019-06-01,,
2019-06-02,,
2019-06-03,8208.995117,8377.534899888537
2019-06-04,,
2019-06-05,,
2019-06-06,,
2019-06-07,8043.951172,8047.428720204513
2019-06-08,7954.12793,7920.879356398772
2019-06-09,7688.077148,7715.574680998954
2019-06-10,,
2019-06-11,,
2019-06-12,8145.857422,8104.780673522818
2019-06-13,8230.923828,8232.627714867962
2019-06-14,,
2019-06-15,,
2019-06-16,8994.488281,9241.951925300207
2019-06-17,,
2019-06-18,,
2019-06-19,,
2019-06-20,9527.160156,9503.891395486167
2019-06-21,,
2019-06-22,,
2019-06-23,,
2019-06-24,,
2019-06-25,,
2019-06-26,,
2019-06-27,,
2019-06-28,,
2019-06-29,11959.371094,11798.189654866526
2019-06-30,10817.155273,11396.1107801412
2019-07-01,,
2019-07-02,,
2019-07-03,,
2019-07-04,11215.4375,11453.38569022131
2019-07-05,10978.459961,11131.74443793843
2019-07-06,,
2019-07-07,11450.84668,11424.633627929426
2019-07-08,,
2019-07-09,,
2019-07-10,,
2019-07-11,11358.662109,11485.347509258718
2019-07-12,,
2019-07-13,11392.378906,11223.883616730704
2019-07-14,,
2019-07-15,,
2019-07-16,9477.641602,10032.02177508123
2019-07-17,9693.802734,9688.618749868343
2019-07-18,,
2019-07-19,,
2019-07-20,,
2019-07-21,,
2019-07-22,10343.106445,10327.127151112658
2019-07-23,9900.767578,10017.051952638521
2019-07-24,,
2019-07-25,,
2019-07-26,,
2019-07-27,,
2019-07-28,,
2019-07-29,,
2019-07-30,,
2019-07-31,,
2019-08-01,,
2019-08-02,,
2019-08-03,,
2019-08-04,,
2019-08-05,,
2019-08-06,,
2019-08-07,11941.96875,11912.186263512272
2019-08-08,,
2019-08-09,,
2019-08-10,,
2019-08-11,,
2019-08-12,11382.616211,11352.011776618874
2019-08-13,10895.830078,11022.31600495653
2019-08-14,10051.704102,10305.759131468472
2019-08-15,,
2019-08-16,,
2019-08-17,,
2019-08-18,,
2019-08-19,,
2019-08-20,,
2019-08-21,,
2019-08-22,,
2019-08-23,,
2019-08-24,10159.960938,10108.968474063131
2019-08-25,,
2019-08-26,10370.820313,10436.93622713056
2019-08-27,,
2019-08-28,,
2019-08-29,,
2019-08-30,,
2019-08-31,,
2019-09-01,,
2019-09-02,10346.760742,10277.574215001823
2019-09-03,,
2019-09-04,,
2019-09-05,10575.533203,10538.331523511853
2019-09-06,,
2019-09-07,,
2019-09-08,,
2019-09-09,,
2019-09-10,,
2019-09-11,,
2019-09-12,,
2019-09-13,10360.546875,10280.03206575978
2019-09-14,,
2019-09-15,10347.712891,10316.136782917722
2019-09-16,,
2019-09-17,,
2019-09-18,,
2019-09-19,,
2019-09-20,10181.641602,10161.107426322598
2019-09-21,10019.716797,10033.255027371062
2019-09-22,10070.392578,9966.96392597124
2019-09-23,9729.324219,9820.783295327854
2019-09-24,,
2019-09-25,8486.993164,8529.245863848939
2019-09-26,8118.967773,8111.2118343295715
2019-09-27,,
2019-09-28,8245.915039,8173.849399758799
2019-09-29,8104.185547,8068.599757171482
2019-09-30,,
2019-10-01,,
2019-10-02,,
2019-10-03,8259.992188,8227.21911695347
2019-10-04,,
2019-10-05,,
2019-10-06,,
2019-10-07,,
2019-10-08,,
2019-10-09,8595.740234,8522.550693423935
2019-10-10,,
2019-10-11,,
2019-10-12,,
2019-10-13,,
2019-10-14,,
2019-10-15,,
2019-10-16,,
2019-10-17,,
2019-10-18,,
2019-10-19,,
2019-10-20,8222.078125,8194.65827971969
2019-10-21,,
2019-10-22,,
2019-10-23,7514.671875,7684.504371152908
2019-10-24,,
2019-10-25,,
2019-10-26,,
2019-10-27,,
2019-10-28,,
2019-10-29,,
2019-10-30,,
2019-10-31,,
2019-11-01,,
2019-11-02,,
2019-11-03,,
2019-11-04,,
2019-11-05,9342.527344,9329.607562782749
2019-11-06,,
2019-11-07,,
2019-11-08,,
2019-11-09,,
2019-11-10,,
2019-11-11,,
2019-11-12,8815.662109,8770.906956095409
2019-11-13,,
2019-11-14,,
2019-11-15,,
2019-11-16,,
2019-11-17,8577.975586,8651.89816053422
2019-11-18,,
2019-11-19,,
2019-11-20,,
2019-11-21,,
2019-11-22,7296.577637,7233.552878270311
2019-11-23,7397.796875,7316.684991605729
2019-11-24,,
2019-11-25,,
2019-11-26,,
2019-11-27,,
2019-11-28,,
2019-11-29,,
2019-11-30,,
2019-12-01,7424.29248,7372.4429616945745
2019-12-02,,
2019-12-03,,
2019-12-04,,
2019-12-05,,
2019-12-06,,
2019-12-07,7556.237793,7548.106530277553
2019-12-08,,
2019-12-09,,
2019-12-10,7278.119629,7304.5490606306785
2019-12-11,,
2019-12-12,,
2019-12-13,,
2019-12-14,,
2019-12-15,,
2019-12-16,6932.480469,6992.629906259319
2019-12-17,6640.515137,6727.371843607773
2019-12-18,7276.802734,7177.599500442924
2019-12-19,,
2019-12-20,,
2019-12-21,7191.158691,7135.603602730159
2019-12-22,,
2019-12-23,,
2019-12-24,,
2019-12-25,,
2019-12-26,,
2019-12-27,7290.088379,7303.32371543317
2019-12-28,,
2019-12-29,7422.652832,7452.038138379651
2019-12-30,7292.995117,7342.748201556321
2019-12-31,,
2020-01-01,,
2020-01-02,,
2020-01-03,,
2020-01-04,,
2020-01-05,,
2020-01-06,,
2020-01-07,,
2020-01-08,,
2020-01-09,,
2020-01-10,,
2020-01-11,,
2020-01-12,,
2020-01-13,,
2020-01-14,,
2020-01-15,,
2020-01-16,,
2020-01-17,,
2020-01-18,,
2020-01-19,,
2020-01-20,,
2020-01-21,,
2020-01-22,,
2020-01-23,8406.515625,8445.771522487345
2020-01-24,,
2020-01-25,8367.847656,8340.548689883368
2020-01-26,,
2020-01-27,8909.819336,8918.794919350008
2020-01-28,,
2020-01-29,,
2020-01-30,,
2020-01-31,,
2020-02-01,9392.875,9384.54309512228
2020-02-02,9344.365234,9331.053687457825
2020-02-03,,
2020-02-04,,
2020-02-05,9613.423828,9617.51890482858
2020-02-06,,
2020-02-07,,
2020-02-08,,
2020-02-09,,
2020-02-10,,
2020-02-11,,
2020-02-12,,
2020-02-13,,
2020-02-14,10312.116211,10241.814225208345
2020-02-15,,
2020-02-16,,
2020-02-17,,
2020-02-18,,
2020-02-19,,
2020-02-20,,
2020-02-21,,
2020-02-22,,
2020-02-23,,
2020-02-24,,
2020-02-25,,
2020-02-26,8820.522461,8946.474998603779
2020-02-27,,
2020-02-28,,
2020-02-29,,
2020-03-01,,
2020-03-02,,
2020-03-03,,
2020-03-04,,
2020-03-05,9078.762695,9089.355398700489
2020-03-06,,
2020-03-07,,
2020-03-08,,
2020-03-09,,
2020-03-10,,
2020-03-11,7911.430176,7770.289088462559
2020-03-12,,
2020-03-13,,
2020-03-14,5200.366211,5337.839386784794
2020-03-15,5392.314941,5750.840246227492
2020-03-16,5014.47998,4881.8801166630365
2020-03-17,,
2020-03-18,,
2020-03-19,,
2020-03-20,,
2020-03-21,,
2020-03-22,,
2020-03-23,6416.314941,6358.563591998976
2020-03-24,6734.803711,6743.503460767783
2020-03-25,,
2020-03-26,6716.44043,6672.479049999477
2020-03-27,,
2020-03-28,,
2020-03-29,,
2020-03-30,,
2020-03-31,,
2020-04-01,,
2020-04-02,,
2020-04-03,,
2020-04-04,,
2020-04-05,,
2020-04-06,,
2020-04-07,,
2020-04-08,,
2020-04-09,,
2020-04-10,,
2020-04-11,6859.083008,6863.207425615674
2020-04-12,,
2020-04-13,,
2020-04-14,6842.427734,6909.904237957831
2020-04-15,,
2020-04-16,,
2020-04-17,,
2020-04-18,,
2020-04-19,7189.424805,7209.643998114213
2020-04-20,,
2020-04-21,,
2020-04-22,,
2020-04-23,,
2020-04-24,,
2020-04-25,,
2020-04-26,,
2020-04-27,,
2020-04-28,,
2020-04-29,,
2020-04-30,,
2020-05-01,,
2020-05-02,8988.59668,8945.92202213924
2020-05-03,,
2020-05-04,,
2020-05-05,,
2020-05-06,,
2020-05-07,9951.518555,9840.741629298112
2020-05-08,,
2020-05-09,,
2020-05-10,,
2020-05-11,,
2020-05-12,8804.477539,8880.534424207717
2020-05-13,,
2020-05-14,,
2020-05-15,,
2020-05-16,,
2020-05-17,,
2020-05-18,9726.575195,9801.956463908042
2020-05-19,,
2020-05-20,,
2020-05-21,,
2020-05-22,,
2020-05-23,,
2020-05-24,,
2020-05-25,8906.93457,8874.400549510403
2020-05-26,,
2020-05-27,,
2020-05-28,,
2020-05-29,,
2020-05-30,,
2020-05-31,9461.058594,9506.159722283259
2020-06-01,,
2020-06-02,,
2020-06-03,,
2020-06-04,,
2020-06-05,,
2020-06-06,,
2020-06-07,,
2020-06-08,,
2020-06-09,9795.700195,9732.378321968228
2020-06-10,9870.094727,9828.597522847207
2020-06-11,,
2020-06-12,9480.84375,9468.268027972492
2020-06-13,9475.277344,9406.786744788635
2020-06-14,9386.788086,9369.11160942238
2020-06-15,9450.702148,9217.06378757921
2020-06-16,,
2020-06-17,,
2020-06-18,,
2020-06-19,,
2020-06-20,,
2020-06-21,,
2020-06-22,,
2020-06-23,,
2020-06-24,,
2020-06-25,9264.813477,9168.687628052972
2020-06-26,9162.917969,9174.39926676426
2020-06-27,,
2020-06-28,,
2020-06-29,,
2020-06-30,,
2020-07-01,,
2020-07-02,9123.410156,9115.537013108675
2020-07-03,,
2020-07-04,,
2020-07-05,,
2020-07-06,,
2020-07-07,,
2020-07-08,,
2020-07-09,9277.967773,9277.705740417221
2020-07-10,,
2020-07-11,,
2020-07-12,,
2020-07-13,9243.614258,9239.355187960631
2020-07-14,,
2020-07-15,,
2020-07-16,,
2020-07-17,,
2020-07-18,,
2020-07-19,,
2020-07-20,,
2020-07-21,,
2020-07-22,,
2020-07-23,,
2020-07-24,,
2020-07-25,,
2020-07-26,,
2020-07-27,,
2020-07-28,,
2020-07-29,,
2020-07-30,11111.213867,10997.14547121997
2020-07-31,,
2020-08-01,11759.592773,11657.813784280906
2020-08-02,11053.614258,11499.196755529409
2020-08-03,11246.348633,11352.271590760245
2020-08-04,,
2020-08-05,,
2020-08-06,11779.773438,11752.274907812174
2020-08-07,11601.472656,11611.867996252968
2020-08-08,,
2020-08-09,11675.739258,11636.477094515618
2020-08-10,,
2020-08-11,,
2020-08-12,,
2020-08-13,,
2020-08-14,,
2020-08-15,,
2020-08-16,,
2020-08-17,,
2020-08-18,,
2020-08-19,,
2020-08-20,,
2020-08-21,11592.489258,11660.127261655527
2020-08-22,,
2020-08-23,11664.847656,11592.46258690938
2020-08-24,11774.595703,11727.07827511894
2020-08-25,,
2020-08-26,,
2020-08-27,,
2020-08-28,,
2020-08-29,,
2020-08-30,,
2020-08-31,,
2020-09-01,,
2020-09-02,,
2020-09-03,,
2020-09-04,,
2020-09-05,10169.567383,10200.577165402334
2020-09-06,,
2020-09-07,10369.563477,10132.775681074814
2020-09-08,,
2020-09-09,,
2020-09-10,,
2020-09-11,,
2020-09-12,,
2020-09-13,,
2020-09-14,,
2020-09-15,,
2020-09-16,,
2020-09-17,,
2020-09-18,,
2020-09-19,,
2020-09-20,,
2020-09-21,,
2020-09-22,,
2020-09-23,,
2020-09-24,10760.066406,10692.966353435862
2020-09-25,,
2020-09-26,10750.723633,10733.632168905267
2020-09-27,10775.269531,10711.396828428005
2020-09-28,10709.652344,10868.205275896864
2020-09-29,,
2020-09-30,,
2020-10-01,,
2020-10-02,,
2020-10-03,,
2020-10-04,10669.583008,10668.92816279897
2020-10-05,10793.339844,10741.847666673953
2020-10-06,10604.40625,10610.421899735611
2020-10-07,,
2020-10-08,,
2020-10-09,,
2020-10-10,,
2020-10-11,,
2020-10-12,,
2020-10-13,,
2020-10-14,,
2020-10-15,,
2020-10-16,,
2020-10-17,,
2020-10-18,11483.359375,11424.492994695747
2020-10-19,11742.037109,11675.206754321363
2020-10-20,11916.334961,11900.19269159343
2020-10-21,,
2020-10-22,,
2020-10-23,,
2020-10-24,,
2020-10-25,,
2020-10-26,13075.248047,13032.816095965474
2020-10-27,13654.21875,13641.076057781353
2020-10-28,,
2020-10-29,,
2020-10-30,,
2020-10-31,,
2020-11-01,,
2020-11-02,,
2020-11-03,,
2020-11-04,,
2020-11-05,15579.848633,15481.435239662807
2020-11-06,,
2020-11-07,14833.753906,14945.490749028972
2020-11-08,,
2020-11-09,,
2020-11-10,,
2020-11-11,,
2020-11-12,,
2020-11-13,,
2020-11-14,,
2020-11-15,,
2020-11-16,,
2020-11-17,,
2020-11-18,,
2020-11-19,,
2020-11-20,,
2020-11-21,,
2020-11-22,,
2020-11-23,,
2020-11-24,,
2020-11-25,,
2020-11-26,17150.623047,17298.703321371213
2020-11-27,,
2020-11-28,,
2020-11-29,,
2020-11-30,,
2020-12-01,18802.998047,18934.578098723334
2020-12-02,19201.091797,18904.533160554256
2020-12-03,,
2020-12-04,,
2020-12-05,19154.230469,18973.532545300113
2020-12-06,19345.121094,19130.012838315706
2020-12-07,,
2020-12-08,,
2020-12-09,18553.916016,18287.84034305551
2020-12-10,,
2020-12-11,,
2020-12-12,,
2020-12-13,,
2020-12-14,,
2020-12-15,,
2020-12-16,,
2020-12-17,,
2020-12-18,,
2020-12-19,,
2020-12-20,,
2020-12-21,,
2020-12-22,23783.029297,23376.913919533472
2020-12-23,23241.345703,23302.303654928386
2020-12-24,,
2020-12-25,,
2020-12-26,,
2020-12-27,26272.294922,27686.7059736027
2020-12-28,27084.808594,27135.568656368512
2020-12-29,,
2020-12-30,,
2020-12-31,,
2021-01-01,,
2021-01-02,,
2021-01-03,32782.023438,34200.096415677544
2021-01-04,,
2021-01-05,33992.429688,32955.21251543009
2021-01-06,,
2021-01-07,,
2021-01-08,,
2021-01-09,40254.546875,40069.62013666511
2021-01-10,38356.441406,38449.34577423125
2021-01-11,,
2021-01-12,33922.960938,34551.59640732997
2021-01-13,,
2021-01-14,,
2021-01-15,,
2021-01-16,,
2021-01-17,,
2021-01-18,,
2021-01-19,36069.804688,37140.576935955585
2021-01-20,,
2021-01-21,,
2021-01-22,33005.761719,32216.40060778851
2021-01-23,,
2021-01-24,32289.378906,32124.24405728875
2021-01-25,,
2021-01-26,,
2021-01-27,30432.546875,30424.589689665885
2021-01-28,,
2021-01-29,,
2021-01-30,34269.523438,33801.42128708937
2021-01-31,,
2021-02-01,,
2021-02-02,,
2021-02-03,,
2021-02-04,,
2021-02-05,,
2021-02-06,,
2021-02-07,,
2021-02-08,,
2021-02-09,,
2021-02-10,,
2021-02-11,,
2021-02-12,,
2021-02-13,,
2021-02-14,,
2021-02-15,,
2021-02-16,,
2021-02-17,,
2021-02-18,51679.796875,51511.98093784853
2021-02-19,55888.132813,54964.869176363325
2021-02-20,56099.519531,56312.88427732047
2021-02-21,,
2021-02-22,,
2021-02-23,48824.425781,48360.241403542976
2021-02-24,49705.332031,49808.458223620575
2021-02-25,,
2021-02-26,,
2021-02-27,,
2021-02-28,,
2021-03-01,,
2021-03-02,,
2021-03-03,,
2021-03-04,,
2021-03-05,,
2021-03-06,,
2021-03-07,,
2021-03-08,52246.523438,50921.30941369343
2021-03-09,54824.117188,54150.79533466583
2021-03-10,56008.550781,55800.643048408645
2021-03-11,,
2021-03-12,,
2021-03-13,,
2021-03-14,,
2021-03-15,55907.199219,57706.12154413936
2021-03-16,56804.902344,55050.05152958965
2021-03-17,,
2021-03-18,,
2021-03-19,,
2021-03-20,,
2021-03-21,,
2021-03-22,,
2021-03-23,,
2021-03-24,,
2021-03-25,,
2021-03-26,,
2021-03-27,,
2021-03-28,55950.746094,55733.988978685615
2021-03-29,57750.199219,57344.362631150085
2021-03-30,,
2021-03-31,,
2021-04-01,,
2021-04-02,,
2021-04-03,,
2021-04-04,,
2021-04-05,59057.878906,58855.40423476682
2021-04-06,,
2021-04-07,56048.9375,56809.443037818
2021-04-08,,
2021-04-09,,
2021-04-10,,
2021-04-11,,
2021-04-12,,
2021-04-13,,
2021-04-14,,
2021-04-15,,
2021-04-16,,
2021-04-17,,
2021-04-18,56216.183594,55798.13769703009
2021-04-19,,
2021-04-20,,
2021-04-21,,
2021-04-22,51762.273438,52960.515641094695
2021-04-23,,
2021-04-24,50050.867188,49470.03560505113
2021-04-25,49004.253906,48411.83508030314
2021-04-26,,
2021-04-27,55033.117188,54592.8156537894
2021-04-28,,
2021-04-29,,
2021-04-30,57750.175781,56935.54519067029
2021-05-01,,
2021-05-02,,
2021-05-03,57200.292969,58467.34510431849
2021-05-04,,
2021-05-05,,
2021-05-06,,
2021-05-07,,
2021-05-08,58803.777344,58771.047952447836
2021-05-09,,
2021-05-10,55859.796875,56500.3546192147
2021-05-11,,
2021-05-12,,
2021-05-13,,
2021-05-14,,
2021-05-15,46760.1875,48331.86773203757
2021-05-16,46456.058594,47469.998029647126
2021-05-17,,
2021-05-18,,
2021-05-19,,
2021-05-20,,
2021-05-21,,
2021-05-22,37536.632813,37275.08539572764
2021-05-23,,
2021-05-24,,
2021-05-25,,
2021-05-26,39294.199219,40069.79749834385
2021-05-27,,
2021-05-28,,
2021-05-29,34616.066406,35665.14076597245
2021-05-30,,
2021-05-31,,
2021-06-01,36684.925781,36720.79206464994
2021-06-02,,
2021-06-03,,
2021-06-04,36894.40625,36844.94382441929
2021-06-05,,
2021-06-06,,
2021-06-07,,
2021-06-08,,
2021-06-09,,
2021-06-10,,
2021-06-11,,
2021-06-12,,
2021-06-13,39097.859375,38336.18283452755
2021-06-14,,
2021-06-15,,
2021-06-16,,
2021-06-17,,
2021-06-18,,
2021-06-19,,
2021-06-20,,
2021-06-21,,
2021-06-22,32505.660156,31271.603285892754
2021-06-23,,
2021-06-24,,
2021-06-25,31637.779297,33158.80096177228
2021-06-26,,
2021-06-27,,
2021-06-28,,
2021-06-29,,
2021-06-30,35040.835938,34751.68081653422
2021-07-01,,
2021-07-02,,
2021-07-03,,
2021-07-04,,
2021-07-05,,
2021-07-06,,
2021-07-07,33855.328125,34522.670572766976
2021-07-08,,
2021-07-09,,
2021-07-10,,
2021-07-11,,
2021-07-12,33155.847656,33419.37948959742
2021-07-13,,
2021-07-14,32822.347656,32193.8459692712
2021-07-15,,
2021-07-16,,
2021-07-17,,
2021-07-18,,
2021-07-19,,
2021-07-20,,
2021-07-21,,
2021-07-22,,
2021-07-23,,
2021-07-24,,
2021-07-25,,
2021-07-26,,
2021-07-27,,
2021-07-28,,
2021-07-29,,
2021-07-30,42235.546875,40792.83971082933
2021-07-31,,
2021-08-01,,
2021-08-02,39201.945313,39452.79801481371
2021-08-03,38152.980469,38631.51478870728
2021-08-04,,
2021-08-05,40869.554688,39551.02702109418
2021-08-06,,
2021-08-07,,
2021-08-08,,
2021-08-09,,
2021-08-10,,
2021-08-11,45593.636719,46261.71362898869
2021-08-12,,
2021-08-13,,
2021-08-14,,
2021-08-15,,
2021-08-16,,
2021-08-17,,
2021-08-18,,
2021-08-19,,
2021-08-20,,
2021-08-21,,
2021-08-22,49321.652344,48764.295238288
2021-08-23,,
2021-08-24,,
2021-08-25,,
2021-08-26,,
2021-08-27,,
2021-08-28,,
2021-08-29,,
2021-08-30,,
2021-08-31,,
2021-09-01,,
2021-09-02,49327.722656,49873.705873426254
2021-09-03,,
2021-09-04,49944.625,49982.507795458536
2021-09-05,,
2021-09-06,52633.535156,51925.633034423685
2021-09-07,,
2021-09-08,46091.390625,45650.90481337244
2021-09-09,,
2021-09-10,,
2021-09-11,,
2021-09-12,,
2021-09-13,44963.074219,44781.97981127186
2021-09-14,,
2021-09-15,,
2021-09-16,,
2021-09-17,,
2021-09-18,,
2021-09-19,,
2021-09-20,,
2021-09-21,,
2021-09-22,,
2021-09-23,,
2021-09-24,42839.75,42360.77965586731
2021-09-25,,
2021-09-26,,
2021-09-27,,
2021-09-28,41034.542969,41725.77195772494
2021-09-29,,
2021-09-30,,
2021-10-01,,
2021-10-02,47711.488281,47630.390313724
2021-10-03,,
2021-10-04,,
2021-10-05,,
2021-10-06,,
2021-10-07,,
2021-10-08,53967.847656,55388.08767018383
2021-10-09,,
2021-10-10,,
2021-10-11,,
2021-10-12,,
2021-10-13,57401.097656,56211.779130775736
2021-10-14,,
2021-10-15,61593.949219,61631.67698376096
2021-10-16,60892.179688,61038.767761693896
2021-10-17,,
2021-10-18,,
2021-10-19,64261.992188,63640.229702589524
2021-10-20,,
2021-10-21,,
2021-10-22,,
2021-10-23,,
2021-10-24,,
2021-10-25,,
2021-10-26,,
2021-10-27,58482.386719,59697.271136236144
2021-10-28,,
2021-10-29,,
2021-10-30,61888.832031,61204.18745051567
2021-10-31,,
2021-11-01,61004.40625,60998.271154766124
2021-11-02,,
2021-11-03,,
2021-11-04,61452.230469,61462.30025291463
2021-11-05,61125.675781,61759.470544087475
2021-11-06,,
2021-11-07,,
2021-11-08,,
2021-11-09,,
2021-11-10,64995.230469,65923.9249864981
2021-11-11,,
2021-11-12,,
2021-11-13,,
2021-11-14,,
2021-11-15,,
2021-11-16,60161.246094,60458.14649158476
2021-11-17,,
2021-11-18,,
2021-11-19,,
2021-11-20,,
2021-11-21,,
2021-11-22,,
2021-11-23,,
2021-11-24,,
2021-11-25,,
2021-11-26,,
2021-11-27,,
2021-11-28,,
2021-11-29,57806.566406,58132.40008792659
2021-11-30,57005.425781,57596.30291538954
2021-12-01,,
2021-12-02,56477.816406,56242.67139156118
2021-12-03,,
2021-12-04,49200.703125,46773.41271020765
2021-12-05,49368.847656,48643.69730212978
2021-12-06,,
2021-12-07,,
2021-12-08,,
2021-12-09,,
2021-12-10,,
2021-12-11,49362.507813,48807.46512928803
2021-12-12,,
2021-12-13,,
2021-12-14,,
2021-12-15,,
2021-12-16,,
2021-12-17,,
2021-12-18,,
2021-12-19,,
2021-12-20,,
2021-12-21,,
2021-12-22,,
2021-12-23,50784.539063,50470.0487954588
2021-12-24,50822.195313,51292.700231576855
2021-12-25,50429.859375,50517.17749278552
2021-12-26,,
2021-12-27,,
2021-12-28,,
2021-12-29,,
2021-12-30,,
2021-12-31,,
2022-01-01,,
2022-01-02,,
2022-01-03,,
2022-01-04,,
2022-01-05,,
2022-01-06,,
2022-01-07,,
2022-01-08,,
2022-01-09,,
2022-01-10,,
2022-01-11,,
2022-01-12,,
2022-01-13,,
2022-01-14,,
2022-01-15,,
2022-01-16,43113.878906,42907.27673673346
2022-01-17,,
2022-01-18,,
2022-01-19,,
2022-01-20,,
2022-01-21,36457.316406,37738.10267792583
2022-01-22,35030.25,35171.31195805007
2022-01-23,,
2022-01-24,,
2022-01-25,,
2022-01-26,,
2022-01-27,,
2022-01-28,,
2022-01-29,,
2022-01-30,,
2022-01-31,,
2022-02-01,,
2022-02-02,,
2022-02-03,,
2022-02-04,,
2022-02-05,,
2022-02-06,,
2022-02-07,,
2022-02-08,,
2022-02-09,,
2022-02-10,,
2022-02-11,,
2022-02-12,,
2022-02-13,,
2022-02-14,,
2022-02-15,,
2022-02-16,,
2022-02-17,40538.011719,41574.92661801827
